model	nDCG	MAP	MRR	Precision	Recall	F1	HR
EASER_neighborhood=2810_l2_norm=696$7858293223413	0.34326606416039346	0.342618420596232	0.5895776801223094	0.2799798285426122	0.19654107997851306	0.19316701094525973	0.8823331652378551
MultiDAE_seed=42_e=20_bs=128_intermediate_dim=600_latent_dim=100_reg_lambda=0$01_lr=0$0005_dropout_pkeep=0$0	0.3000853646657361	0.2957182146125666	0.5297621048755693	0.2470499243570348	0.177990805896125	0.17313427520702745	0.8554378887207934
GeneralizedMF_seed=42_e=40_bs=512_lr=0$00014711015666850187_mffactors=128_isedgeweighttrain=True	0.2803106791425688	0.2788444569849008	0.506265825655639	0.2322911413682972	0.16159080494975514	0.1597126798296061	0.8329130946377542
ConvNeuMF_seed=42_e=30_bs=16_lr=0$0005_embedding_size=32_cnn_channels=1-16-16_cnn_kernels=2-2_cnn_strides=2-2_dropout_prob=0$7_l_w=0$0001_l_b=0$01	0.22556125260023924	0.22942609402140418	0.4349754660647248	0.18633383761976807	0.12053152618948364	0.12288480372933956	0.7409648680450496
MostPop	0.16220720206314482	0.1613707519204241	0.31853819636220043	0.13928391326273323	0.08581431790057419	0.0881076053444337	0.623634224239368
ConvMF_seed=42_e=25_bs=32_lr=0$0001_embedding_size=100_cnn_channels=1-32-32_cnn_kernels=2-2_cnn_strides=2-2_dropout_prob=0$2_l_w=0$001_l_b=1e-05	0.16026321928115422	0.15979093458417715	0.3108795796012135	0.13946881828878804	0.08503054829483529	0.08785184249519919	0.6303580433686334
NGCF_seed=42_e=30_bs=512_lr=0$0002758621085473827_factors=64_l_w=0$02974734237231384_weight_size=64_node_dropout=0$1-0$2-0$3-0$45_message_dropout=0$1-0$2-0$3_n_fold=5	0.10036883416766525	0.10183733027026018	0.23940651623455453	0.08155992603798959	0.05169698006587294	0.05216426769659968	0.5021011934778954