model	nDCG	MAP	MRR	Precision	Recall	F1	HR
EASER_neighborhood=2810_l2_norm=696$7858293223413	0.3777136794931803	0.22250445868283214	0.5952075625680754	0.14692889561270805	0.4506808979765388	0.1906487873531255	0.9779794923516557
MultiDAE_seed=42_e=20_bs=128_intermediate_dim=600_latent_dim=100_reg_lambda=0$01_lr=0$0005_dropout_pkeep=0$0	0.3470371757030092	0.1994551797990729	0.5363430764648207	0.13719952933266097	0.43087147450649993	0.17919180019692713	0.9732728189611699
GeneralizedMF_seed=42_e=40_bs=512_lr=0$00014711015666850187_mffactors=128_isedgeweighttrain=True	0.3241126905067196	0.18813694943247528	0.5142404245097324	0.12993108085392505	0.4062569525541686	0.16948668217264468	0.974617582787023
ConvNeuMF_seed=42_e=30_bs=16_lr=0$0005_embedding_size=32_cnn_channels=1-16-16_cnn_kernels=2-2_cnn_strides=2-2_dropout_prob=0$7_l_w=0$0001_l_b=0$01	0.2583667288287467	0.15295408532741633	0.4449728330858039	0.10646159018322406	0.3231349353803635	0.137262398783013	0.9325937132291141
MostPop	0.18829268290742063	0.11436449251142068	0.3321463276315289	0.08187594553706506	0.24076140532543389	0.1041567445015032	0.8841822154984031
ConvMF_seed=42_e=25_bs=32_lr=0$0001_embedding_size=100_cnn_channels=1-32-32_cnn_kernels=2-2_cnn_strides=2-2_dropout_prob=0$2_l_w=0$001_l_b=1e-05	0.1924080448314032	0.11522886108609112	0.32467683565436445	0.08542276012775257	0.2562450393590389	0.1093668904755464	0.9006555723651034
NGCF_seed=42_e=30_bs=512_lr=0$0002758621085473827_factors=64_l_w=0$02974734237231384_weight_size=64_node_dropout=0$1-0$2-0$3-0$45_message_dropout=0$1-0$2-0$3_n_fold=5	0.12214452250409649	0.0690270878314723	0.25333320816486105	0.055313498066902	0.15754092513679108	0.06986039332057244	0.7987897125567323