model	nDCG	MAP	MRR	Precision	Recall	F1	HR
EASER_neighborhood=2810_l2_norm=696$7858293223413	0.3408574477454116	0.2929259378742788	0.5940770306764579	0.2199697428139183	0.2932760821549033	0.20911355358699224	0.9445284921835603
MultiDAE_seed=42_e=20_bs=128_intermediate_dim=600_latent_dim=100_reg_lambda=0$01_lr=0$0005_dropout_pkeep=0$0	0.3031673338400453	0.2562829969602835	0.5347877133546617	0.19795763993948565	0.2681180871915859	0.18965396951693736	0.9263741805345436
GeneralizedMF_seed=42_e=40_bs=512_lr=0$00014711015666850187_mffactors=128_isedgeweighttrain=True	0.28273905661096305	0.2417489093696825	0.5122050939380008	0.18682131450663977	0.24898337972841483	0.17753060218971708	0.9157841654059505
ConvNeuMF_seed=42_e=30_bs=16_lr=0$0005_embedding_size=32_cnn_channels=1-16-16_cnn_kernels=2-2_cnn_strides=2-2_dropout_prob=0$7_l_w=0$0001_l_b=0$01	0.2246017943460462	0.19690934308922112	0.44187828147442687	0.15044545301731382	0.18946374758574105	0.13919570232122563	0.8401412002017146
MostPop	0.16366526582983124	0.1430065686446276	0.3280440065105464	0.11522945032778618	0.14051499666672285	0.1042194566475624	0.7618087073457724
ConvMF_seed=42_e=25_bs=32_lr=0$0001_embedding_size=100_cnn_channels=1-32-32_cnn_kernels=2-2_cnn_strides=2-2_dropout_prob=0$2_l_w=0$001_l_b=1e-05	0.16102957940844936	0.14207650053459597	0.32023155285264016	0.11476718776264919	0.1387225574148961	0.1036050840338441	0.7653387123886367
NGCF_seed=42_e=30_bs=512_lr=0$0002758621085473827_factors=64_l_w=0$02974734237231384_weight_size=64_node_dropout=0$1-0$2-0$3-0$45_message_dropout=0$1-0$2-0$3_n_fold=5	0.09762314355434706	0.08626770534534127	0.24814982195532276	0.06445621112792067	0.07812976597709159	0.057769578006709565	0.6276685157169272