model	nDCG	MAP	MRR	Precision	Recall	F1	HR
GeneralizedMF_seed=42_e=10_bs=512_lr=0$5_mffactors=256_isedgeweighttrain=True	0.0029765317518229634	0.0014934255008901855	0.004309375302974461	0.0018267530936947555	0.005413365584539814	0.002244017279579611	0.03488509133765468
NeuMF_seed=42_e=10_bs=256_lr=0$5_mffactors=256_drop=0_batch_eval=256_mftrain=True_mlptrain=True_m=8	0.0017588565706290152	0.0007120628892511436	0.002263733734632115	0.0011255156157925752	0.003494061232843734	0.001385236059179402	0.021567472009428403
MultiVAE_seed=42_e=10_bs=256_intermediate_dim=800_latent_dim=400_reg_lambda=0$6_lr=0$6_dropout_pkeep=0$5	0.001860055065190366	0.0010830291523385418	0.003021859622986908	0.0010960518562168533	0.0032844619179972744	0.0013451391049289709	0.021567472009428403
NGCF_seed=42_e=15_bs=512_lr=0$09_factors=64_l_w=0$4_weight_size=64_node_dropout=_message_dropout=0$4_n_fold=5	0.0032203257337463883	0.0021927640797728422	0.008509425090361034	0.0015380082498526813	0.0040865827334493135	0.0017653747205641332	0.029345904537418973
MultiDAE_seed=42_e=10_bs=1024_intermediate_dim=600_latent_dim=200_reg_lambda=0$6_lr=0$7_dropout_pkeep=0$0	0.02052453941679606	0.011169195791040979	0.03523002721512294	0.010960518562168533	0.03236938343333613	0.013132285845246077	0.17336476134354745
ConvMF_seed=42_e=5_bs=32_lr=0$05_embedding_size=100_cnn_channels=1-32-32_cnn_kernels=2-2_cnn_strides=2-2_dropout_prob=0$4_l_w=0$03_l_b=0$04	0.0017588565706290152	0.0007120628892511436	0.002263733734632115	0.0011255156157925752	0.003494061232843734	0.001385236059179402	0.021567472009428403
ConvNeuMF_seed=42_e=5_bs=16_lr=0$05_embedding_size=50_cnn_channels=1-16-16_cnn_kernels=2-2_cnn_strides=2-2_dropout_prob=0$5_l_w=0$08_l_b=0$07	0.007780617778503057	0.0047295109987972195	0.014428869957735319	0.0047790218031820856	0.011693931504793332	0.005426663107364109	0.08249852681202122
EASER_neighborhood=8444_l2_norm=3$72	0.1459989890433624	0.0875320483930677	0.2328952651279978	0.06111373011196229	0.17967782365303964	0.07520153015324552	0.5094873305833825
