model	nDCG	MAP	MRR	Precision	Recall	F1	HR
GeneralizedMF_seed=42_e=10_bs=512_lr=0$5_mffactors=256_isedgeweighttrain=True	0.003799829521019027	0.0014059284800857213	0.0048336605099737326	0.0011502651738361815	0.008200747458104379	0.0017451058405777546	0.05327047731290513
NeuMF_seed=42_e=10_bs=256_lr=0$5_mffactors=256_drop=0_batch_eval=256_mftrain=True_mlptrain=True_m=8	0.004563634012750712	0.0013689586285972576	0.004103755608216995	0.0015250441956393636	0.011600416306712815	0.002356819585478559	0.07024160282852092
MultiVAE_seed=42_e=10_bs=256_intermediate_dim=800_latent_dim=400_reg_lambda=0$6_lr=0$6_dropout_pkeep=0$5	0.002733526335883412	0.0009446528022775047	0.0034922553626138366	0.0008037713612256925	0.006388698692520645	0.0012423819453113234	0.038538597525044196
NGCF_seed=42_e=15_bs=512_lr=0$09_factors=64_l_w=0$4_weight_size=64_node_dropout=_message_dropout=0$4_n_fold=5	0.004164071200484408	0.0016493963801830764	0.009179281952360455	0.0011219799646434885	0.0075021410610314875	0.0016538556749294876	0.05055981143193872
MultiDAE_seed=42_e=10_bs=1024_intermediate_dim=600_latent_dim=200_reg_lambda=0$6_lr=0$7_dropout_pkeep=0$0	0.030849845292690768	0.010713548324905637	0.039197343018209915	0.009965822038892163	0.06306351102274685	0.014682000883667879	0.2992339422510312
ConvMF_seed=42_e=5_bs=32_lr=0$05_embedding_size=100_cnn_channels=1-32-32_cnn_kernels=2-2_cnn_strides=2-2_dropout_prob=0$4_l_w=0$03_l_b=0$04	0.004563634012750712	0.0013689586285972576	0.004103755608216995	0.0015250441956393636	0.011600416306712815	0.002356819585478559	0.07024160282852092
ConvNeuMF_seed=42_e=5_bs=16_lr=0$05_embedding_size=50_cnn_channels=1-16-16_cnn_kernels=2-2_cnn_strides=2-2_dropout_prob=0$5_l_w=0$08_l_b=0$07	0.011041011167901623	0.00432158411241428	0.01622595077676278	0.0034885091337654686	0.022729555272001954	0.005196584071292742	0.1391868002357101
EASER_neighborhood=8444_l2_norm=3$72	0.1698583092445147	0.06328426623605442	0.2361708833774889	0.0383547436652917	0.25691448909738535	0.05834803677715948	0.6093105480259281
