model	nDCG	MAP	MRR	Precision	Recall	F1	HR
EASER_neighborhood=10026_l2_norm=15$930101258108873	0.09419927012287392	0.029056804318373947	0.12024372754160646	0.014469834192559566	0.12936752112735472	0.02494300922810872	0.23721610700849938
GeneralizedMF_seed=42_e=50_bs=256_lr=0$0005438474900776614_mffactors=256_isedgeweighttrain=True	0.05687200942326613	0.016439457045251172	0.06664191949205706	0.008837257907203567	0.0832658822063718	0.01544875979027493	0.14839069248989828
MultiDAE_seed=42_e=40_bs=512_intermediate_dim=600_latent_dim=300_reg_lambda=0$01_lr=0$0005_dropout_pkeep=0$0	0.05669904581666791	0.01620138743185654	0.060489422325030004	0.0099310296781385	0.0936297448838549	0.017344073913989837	0.16448376759091543
MostPop	0.016161980539681018	0.004692592998238022	0.018959376006400033	0.003092141132486954	0.028196383328147948	0.0053570700931385665	0.05825998909572397
ConvMF_seed=42_e=25_bs=16_lr=0$0001_embedding_size=64_cnn_channels=1-32-32_cnn_kernels=2-2_cnn_strides=2-2_dropout_prob=0$2_l_w=0$001_l_b=1e-05	0.013681433560333089	0.004087623441253954	0.01648390968216005	0.0025846453950118435	0.023179755383230628	0.004460409244565379	0.048836561237285775
ConvNeuMF_seed=42_e=30_bs=16_lr=0$0005_embedding_size=32_cnn_channels=1-16-16_cnn_kernels=2-2_cnn_strides=2-2_dropout_prob=0$5_l_w=0$0005_l_b=0$001	0.012130866578590943	0.0034293242072795166	0.012764459111395987	0.002622962240490456	0.024093395896733847	0.004544833103081327	0.05029956806465097
NGCF_seed=42_e=40_bs=256_lr=5$035669732669714e-05_factors=64_l_w=0$0018619598259769967_weight_size=64_node_dropout=0$1-0$2-0$3-0$45_message_dropout=0$1-0$2-0$3-0$45_n_fold=5	0.009566620733381586	0.002785672004237794	0.012675233532509052	0.0016336909572244672	0.014847087123199411	0.0028323452296215306	0.03155914727602062
