model	nDCG	MAP	MRR	Precision	Recall	F1	HR
EASER_neighborhood=10026_l2_norm=15$930101258108873	0.08677558006020793	0.04062221746717358	0.1176096591625364	0.023059774278946635	0.10529496617574383	0.0356330710575481	0.19848125957921137
GeneralizedMF_seed=42_e=50_bs=256_lr=0$0005438474900776614_mffactors=256_isedgeweighttrain=True	0.05109618399379657	0.022408092097551482	0.06445133926498006	0.013320328828201198	0.06490102981581282	0.021093583522340156	0.11648321025498119
MultiDAE_seed=42_e=40_bs=512_intermediate_dim=600_latent_dim=300_reg_lambda=0$01_lr=0$0005_dropout_pkeep=0$0	0.04894314122058021	0.020860025190699565	0.05752757375301614	0.014163299428730668	0.06885919286221485	0.02238494525279662	0.12149923366309043
MostPop	0.013169802959154915	0.005933601365878023	0.0176387482583448	0.0040735259755432665	0.01834754266342413	0.006294538634883399	0.03878806760651141
ConvMF_seed=42_e=25_bs=16_lr=0$0001_embedding_size=64_cnn_channels=1-32-32_cnn_kernels=2-2_cnn_strides=2-2_dropout_prob=0$2_l_w=0$001_l_b=1e-05	0.011705102896212169	0.005190674686111498	0.015542263535854172	0.0036784171659467743	0.01679508043628758	0.0056979041836720526	0.03504249686498537
NGCF_seed=42_e=40_bs=256_lr=5$035669732669714e-05_factors=64_l_w=0$0018619598259769967_weight_size=64_node_dropout=0$1-0$2-0$3-0$45_message_dropout=0$1-0$2-0$3-0$45_n_fold=5	0.008021427385270095	0.003737274715747615	0.011943797536663636	0.002138776647624356	0.009877749647243571	0.0033218497626058344	0.020969764525567786
ConvNeuMF_seed=42_e=30_bs=16_lr=0$0005_embedding_size=32_cnn_channels=1-16-16_cnn_kernels=2-2_cnn_strides=2-2_dropout_prob=0$5_l_w=0$0005_l_b=0$001	0.009305694442262457	0.004013979843017045	0.01147349005089008	0.0031977149226696394	0.014910220125755668	0.004965042766114924	0.031210812317124147
