model	nDCG	MAP	MRR	Precision	Recall	F1	HR
NGCF_seed=42_e=40_bs=256_lr=5$035669732669714e-05_factors=64_l_w=0$0018619598259769967_weight_size=64_node_dropout=0$1-0$2-0$3-0$45_message_dropout=0$1-0$2-0$3-0$45_n_fold=5	0.010933857778357101	0.0018170326405241991	0.013038482474427938	0.0008987041939529051	0.020477588246246164	0.0016858869355758945	0.0429148669360457
MultiDAE_seed=42_e=40_bs=512_intermediate_dim=600_latent_dim=300_reg_lambda=0$01_lr=0$0005_dropout_pkeep=0$0	0.06787721462324614	0.010957566541895471	0.06277995945910399	0.0060359481677581175	0.13934377270377551	0.011348669026224665	0.23728577400027867
GeneralizedMF_seed=42_e=50_bs=256_lr=0$0005438474900776614_mffactors=256_isedgeweighttrain=True	0.06458002257334386	0.010419036512335483	0.0683755205234073	0.005029956806465097	0.11405830791557021	0.009451582248706465	0.20321861502020344
EASER_neighborhood=10026_l2_norm=15$930101258108873	0.10333591385363243	0.017665270410609415	0.1220264838702765	0.007609028842134597	0.16563651387707543	0.0142042119235739	0.29301936742371465
ConvNeuMF_seed=42_e=30_bs=16_lr=0$0005_embedding_size=32_cnn_channels=1-16-16_cnn_kernels=2-2_cnn_strides=2-2_dropout_prob=0$5_l_w=0$0005_l_b=0$001	0.016247987886227725	0.0026743993072225847	0.013882012275670621	0.0018628953601783477	0.040447494560028496	0.003479162521844857	0.08562073289675352
ConvMF_seed=42_e=25_bs=16_lr=0$0001_embedding_size=64_cnn_channels=1-32-32_cnn_kernels=2-2_cnn_strides=2-2_dropout_prob=0$2_l_w=0$001_l_b=1e-05	0.018246514758960605	0.002918386910870191	0.017623889089425394	0.0018921554967256515	0.04199896415236113	0.0035389273865862802	0.08624773582276718
