model	nDCG	MAP	MRR	Precision	Recall	F1	HR
GeneralizedMF_seed=42_e=15_bs=512_lr=0$5_mffactors=256_isedgeweighttrain=True	0.018819826387804345	0.011642862024242957	0.06308198496380864	0.008670364767187763	0.022368041104721896	0.010592175615854675	0.30358043368633386
NeuMF_seed=42_e=10_bs=256_lr=0$5_mffactors=256_drop=0_batch_eval=256_mftrain=True_mlptrain=True_m=8	0.025275822726887522	0.014195259302084906	0.08761371572407212	0.01145738779626828	0.02869702845237822	0.01400976552555978	0.36644814254496555
MultiVAE_seed=42_e=10_bs=256_intermediate_dim=800_latent_dim=400_reg_lambda=0$6_lr=0$6_dropout_pkeep=0$5	0.014387950811119855	0.0073643261136915154	0.031350812213345944	0.00915111783493024	0.022192408427236344	0.011094267532531944	0.31870902672718104
MultiDAE_seed=42_e=5_bs=1024_intermediate_dim=600_latent_dim=200_reg_lambda=0$6_lr=0$7_dropout_pkeep=0$0	0.08797040614623002	0.05435876318543043	0.17168408776068367	0.042491174987392834	0.11732798284703964	0.052952657027564826	0.7283577071776769
ConvNeuMF_seed=42_e=10_bs=16_lr=0$06_embedding_size=50_cnn_channels=1-16-16_cnn_kernels=2-2_cnn_strides=2-2_dropout_prob=0$5_l_w=0$05_l_b=0$08	0.05255092307384651	0.03125689979748168	0.10767082799096726	0.027076819633551855	0.07456493129902411	0.033895585865548514	0.6041351487644983
ConvMF_seed=42_e=10_bs=32_lr=0$05_embedding_size=100_cnn_channels=1-16-16_cnn_kernels=2-2_cnn_strides=2-2_dropout_prob=0$4_l_w=0$03_l_b=0$04	0.025275822726887522	0.014195259302084906	0.08761371572407212	0.01145738779626828	0.02869702845237822	0.01400976552555978	0.36644814254496555
NGCF_seed=42_e=15_bs=512_lr=0$09_factors=64_l_w=0$4_weight_size=64_node_dropout=_message_dropout=0$4_n_fold=5	0.01647999406072998	0.010114927540780359	0.05041581095226821	0.008559421751554884	0.022173559580540632	0.010335358538857671	0.30038661959993274
EASER_neighborhood=2810_l2_norm=3$72	0.27723218410952893	0.15971431847997994	0.48422222648558544	0.10532190284081357	0.3340217784285455	0.13813899075320668	0.953437552529837
