model	nDCG	MAP	MRR	Precision	Recall	F1	HR
GeneralizedMF_seed=42_e=15_bs=512_lr=0$5_mffactors=256_isedgeweighttrain=True	0.015950598698087088	0.01742645822827366	0.05385825815730002	0.011665826189275509	0.005618521905375321	0.006399603196589025	0.1053958648512355
NeuMF_seed=42_e=10_bs=256_lr=0$5_mffactors=256_drop=0_batch_eval=256_mftrain=True_mlptrain=True_m=8	0.02196321481864266	0.02443315136330769	0.07819027874499382	0.014237687006219532	0.0076056666711608175	0.00826594758753562	0.12708018154311648
MultiVAE_seed=42_e=10_bs=256_intermediate_dim=800_latent_dim=400_reg_lambda=0$6_lr=0$6_dropout_pkeep=0$5	0.006449924473073628	0.007353256649777074	0.02127108197456155	0.005143721633888048	0.0020775892815464046	0.002559343649682405	0.048747688687174315
MultiDAE_seed=42_e=5_bs=1024_intermediate_dim=600_latent_dim=200_reg_lambda=0$6_lr=0$7_dropout_pkeep=0$0	0.07148155220080642	0.06952902581999909	0.15718141237556266	0.06602790384938645	0.03995141505676654	0.04107835347804542	0.43704824340225246
ConvNeuMF_seed=42_e=10_bs=16_lr=0$06_embedding_size=50_cnn_channels=1-16-16_cnn_kernels=2-2_cnn_strides=2-2_dropout_prob=0$5_l_w=0$05_l_b=0$08	0.0371348581243854	0.036109830383657913	0.0915792169952533	0.03432509665489998	0.018582451128601973	0.020116758173096348	0.2575222726508657
ConvMF_seed=42_e=10_bs=32_lr=0$05_embedding_size=100_cnn_channels=1-16-16_cnn_kernels=2-2_cnn_strides=2-2_dropout_prob=0$4_l_w=0$03_l_b=0$04	0.02196321481864266	0.02443315136330769	0.07819027874499382	0.014237687006219532	0.0076056666711608175	0.00826594758753562	0.12708018154311648
NGCF_seed=42_e=15_bs=512_lr=0$09_factors=64_l_w=0$4_weight_size=64_node_dropout=_message_dropout=0$4_n_fold=5	0.013511011851300206	0.015088990546630486	0.04230229436986876	0.01085896789376366	0.004788135534358634	0.00563067030867173	0.0978315683308119
EASER_neighborhood=2810_l2_norm=3$72	0.2487421956316823	0.24765868346554176	0.4763394274614648	0.2012607160867373	0.14668983546170972	0.142252185774784	0.8088754412506304
