model	nDCG	MAP	MRR	Precision	Recall	F1	HR
GeneralizedMF_seed=42_e=15_bs=512_lr=0$07_mffactors=256_isedgeweighttrain=True	0.0007188746090858882	0.0003051663050618046	0.0009034592425981586	0.00029956806465096845	0.0011736676464278524	0.00044920649369695626	0.0029956806465096836
NeuMF_seed=42_e=10_bs=256_lr=0$08_mffactors=256_drop=0$3_batch_eval=256_mftrain=True_mlptrain=True_m=8	0.0004365254253978657	0.00015817724609698975	0.0004683722915574664	0.00016023408109237846	0.0007409029284464703	0.00024804549211154885	0.0016023408109237843
MultiVAE_seed=42_e=10_bs=256_intermediate_dim=800_latent_dim=400_reg_lambda=0$6_lr=0$09_dropout_pkeep=0$5	0.0016199224533810883	0.0006550743003996453	0.0017602250133251943	0.0006618364219033022	0.003043156489756741	0.001022358063517883	0.0066183642190330225
MultiDAE_seed=42_e=5_bs=1024_intermediate_dim=600_latent_dim=200_reg_lambda=0$6_lr=0$08_dropout_pkeep=0$0	0.003259901485544244	0.0012474096043136032	0.003587352455263839	0.0009962379824439182	0.005326535462518745	0.001619318838706042	0.009892712832659885
ConvNeuMF_seed=42_e=10_bs=16_lr=0$06_embedding_size=50_cnn_channels=1-16-16_cnn_kernels=2-2_cnn_strides=2-2_dropout_prob=0$5_l_w=0$07_l_b=0$06	0.0026407720467663417	0.0010660625543236664	0.0026874871447812787	0.001079838372579072	0.004901263451883016	0.0016694943068209453	0.01065904974223213
ConvMF_seed=42_e=10_bs=32_lr=0$07_embedding_size=100_cnn_channels=1-16-16_cnn_kernels=2-2_cnn_strides=2-2_dropout_prob=0$4_l_w=0$05_l_b=0$03	0.0004365254253978657	0.00015817724609698975	0.0004683722915574664	0.00016023408109237846	0.0007409029284464703	0.00024804549211154885	0.0016023408109237843
NGCF_seed=42_e=15_bs=512_lr=0$09_factors=64_l_w=0$4_weight_size=64_node_dropout=_message_dropout=0$4_n_fold=5	0.000611695539055023	0.0002876832076010005	0.0008661929311225675	0.0002090009753378849	0.0008988575015466475	0.0003127442157635573	0.002090009753378849
EASER_neighborhood=10025_l2_norm=2$72	0.07651776390376154	0.03591603247587642	0.10512505777937017	0.01968092517765083	0.0901500026062366	0.030430230095417767	0.16880312108123172