model	nDCG	MAP	MRR	Precision	Recall	F1	HR
EASER_neighborhood=8444_l2_norm=174$1791207224706	0.20745548732426844	0.07980139678673459	0.2765060245374537	0.04875427224513848	0.3137464997220525	0.07377092296408051	0.6598703594578669
GeneralizedMF_seed=42_e=40_bs=512_lr=0$0003568284261458735_mffactors=256_isedgeweighttrain=True	0.16845161058661923	0.06350024037525533	0.22680973814844202	0.04053270477312906	0.2624734547444576	0.06153759684304792	0.6104890984089569
ConvNeuMF_seed=42_e=30_bs=16_lr=0$0005_embedding_size=16_cnn_channels=1-16-16_cnn_kernels=2-2_cnn_strides=2-2_dropout_prob=0$5_l_w=0$0005_l_b=0$0001	0.1099694117283537	0.04308628312552521	0.16314639823493987	0.029918680023571006	0.18357130159221974	0.04474782204361117	0.541308190925162
MostPop	0.06838482794280443	0.026199522899321474	0.1030453367117408	0.01941072480848556	0.11396585743437643	0.028489952418302034	0.4122569239835003
ConvMF_seed=42_e=25_bs=16_lr=0$0001_embedding_size=100_cnn_channels=1-32-32_cnn_kernels=2-2_cnn_strides=2-2_dropout_prob=0$45_l_w=0$1_l_b=0$001	0.06544454460753	0.02311659582883189	0.1024155355099414	0.017063052445492045	0.1127993288063394	0.025803173234371635	0.42863877430760167
NGCF_seed=42_e=50_bs=512_lr=0$0002758621085473827_factors=64_l_w=0$02974734237231384_weight_size=64_node_dropout=0$1-0$2-0$3-0$45_message_dropout=0$1-0$2-0$3-0$45_n_fold=5	0.04395362559568757	0.015732895598357072	0.07954307932060188	0.01103594578668238	0.06956625210932395	0.016577026570732827	0.3209192692987625
MultiDAE_seed=42_e=40_bs=512_intermediate_dim=600_latent_dim=300_reg_lambda=0$01_lr=0$0005_dropout_pkeep=0$0	0.19459394203286126	0.07347311786512666	0.24623228472018485	0.04699823217442547	0.3125228002208893	0.07151586732650436	0.665998821449617
