model	nDCG	MAP	MRR	Precision	Recall	F1	HR
EASER_neighborhood=8444_l2_norm=174$1791207224706	0.16432269763504573	0.1319982415279999	0.2674866010045739	0.10394814378314673	0.1559556218940283	0.10030029001755864	0.4776664702416028
GeneralizedMF_seed=42_e=40_bs=512_lr=0$0003568284261458735_mffactors=256_isedgeweighttrain=True	0.1283709707830512	0.10222103899505196	0.21727025282711787	0.08133176193282263	0.12231850997516917	0.0789239658572219	0.4160282852091927
ConvNeuMF_seed=42_e=30_bs=16_lr=0$0005_embedding_size=16_cnn_channels=1-16-16_cnn_kernels=2-2_cnn_strides=2-2_dropout_prob=0$5_l_w=0$0005_l_b=0$0001	0.07714589968897187	0.06532360093909888	0.15242280962669885	0.052575132586918094	0.06852072752188486	0.04759929866322655	0.3176193282262817
MostPop	0.04536212008139415	0.037029286041660815	0.09307835489332249	0.029723040659988213	0.03753426009132337	0.02561058915961017	0.20695344725987036
ConvMF_seed=42_e=25_bs=16_lr=0$0001_embedding_size=100_cnn_channels=1-32-32_cnn_kernels=2-2_cnn_strides=2-2_dropout_prob=0$45_l_w=0$1_l_b=0$001	0.04310901997438364	0.03449659062210624	0.0923133728054176	0.027094873305833825	0.038040012143225124	0.024846084830791336	0.2082498526812021
NGCF_seed=42_e=50_bs=512_lr=0$0002758621085473827_factors=64_l_w=0$02974734237231384_weight_size=64_node_dropout=0$1-0$2-0$3-0$45_message_dropout=0$1-0$2-0$3-0$45_n_fold=5	0.03121489588119906	0.02582536876467342	0.07217316272413503	0.018055391868002358	0.026257815217770812	0.01683452921077385	0.15321154979375368
MultiDAE_seed=42_e=40_bs=512_intermediate_dim=600_latent_dim=300_reg_lambda=0$01_lr=0$0005_dropout_pkeep=0$0	0.1467441803810963	0.11559390988766358	0.2363139901413325	0.09592221567472009	0.14462950293672724	0.09353570987506357	0.4610489098408957
