model	nDCG	MAP	MRR	Precision	Recall	F1	HR
EASER_neighborhood=8444_l2_norm=174$1791207224706	0.17758551086511265	0.10978723739907267	0.273287853907318	0.07760164997053624	0.21640627111141442	0.094248011203833	0.5606364172068355
GeneralizedMF_seed=42_e=40_bs=512_lr=0$0003568284261458735_mffactors=256_isedgeweighttrain=True	0.14043566186925296	0.08575883553601427	0.22328296644493867	0.06153800824985268	0.17347051626941262	0.07531352528610083	0.5017088980553919
ConvNeuMF_seed=42_e=30_bs=16_lr=0$0005_embedding_size=16_cnn_channels=1-16-16_cnn_kernels=2-2_cnn_strides=2-2_dropout_prob=0$5_l_w=0$0005_l_b=0$0001	0.08586138117922405	0.05557498714014127	0.1588728705351876	0.04180318208603418	0.10598667754918006	0.04904685312535789	0.41096051856216853
MostPop	0.05217439340446308	0.03234620983981903	0.0991787645145556	0.02552740129640542	0.06275164324818946	0.028959723869633025	0.29251620506776665
ConvMF_seed=42_e=25_bs=16_lr=0$0001_embedding_size=100_cnn_channels=1-32-32_cnn_kernels=2-2_cnn_strides=2-2_dropout_prob=0$45_l_w=0$1_l_b=0$001	0.04936109377860231	0.029353315381871966	0.09810222347168351	0.02225103123158515	0.06161637207627164	0.026611321217478272	0.2918090748379493
NGCF_seed=42_e=50_bs=512_lr=0$0002758621085473827_factors=64_l_w=0$02974734237231384_weight_size=64_node_dropout=0$1-0$2-0$3-0$45_message_dropout=0$1-0$2-0$3-0$45_n_fold=5	0.034120830628091355	0.020628174807837834	0.0760335349446301
MultiDAE_seed=42_e=40_bs=512_intermediate_dim=600_latent_dim=300_reg_lambda=0$01_lr=0$0005_dropout_pkeep=0$0	0.16142359385439414	0.09847947401133252	0.2425263309257236	0.07232763700648204	0.204878406212259	0.08858050021502253	0.5510901591043017
